velocidade_kn,calado_m,beaufort,consumo_m3_h
12.7396,6.3177,1,2.1391
9.3888,6.1873,3,1.0869
13.586,3.9306,6,2.4588
11.9737,5.1231,1,1.5546
5.9418,5.4241,7,0.5988
14.7562,6.471,4,3.0288
12.6114,5.4124,4,1.9661
12.8606,4.6503,2,2.1077
6.2811,4.4967,7,0.8129
9.5039,4.7035,0,0.9125
8.708,5.6077,2,0.8639
14.2676,6.47,3,2.7938
11.4387,4.8156,3,1.6977
13.2276,3.9914,3,2.1206
9.4341,3.9466,1,0.992
7.2724,5.9841,1,0.8195
10.5458,6.2663,0,1.1933
5.6382,3.4211,4,0.4106
13.2763,3.2662,2,2.1431
11.3166,5.3777,4,1.5581
12.5809,3.5847,4,2.0133
8.5453,6.2987,5,1.0131
14.707,4.2413,4,2.8102
13.9312,3.5755,5,2.5871
12.7838,6.6839,4,2.1183
6.9464,3.6621,5,0.7488
9.6672,4.1389,4,1.0644
5.438,3.6145,2,0.3987
6.5429,3.462,1,0.5454
11.8305,3.0846,6,1.7714
12.4476,3.2216,2,1.8732
14.6751,3.6986,4,2.7783
8.2583,3.2135,1,0.7618
8.7046,5.3646,3,0.8648
9.6956,5.7229,4,1.1945
6.8947,4.5745,5,0.5905
6.2992,4.272,4,0.6221
9.757,5.0181,2,1.0574
7.2691,6.5,7,0.7725
11.6981,6.4045,4,1.8068
9.3715,3.1739,6,1.0723
13.3268,3.726,5,2.2446
12.0027,3.947,4,1.8628
8.1237,3.9976,7,0.8529
13.3226,5.2849,1,2.2504
13.0476,4.665,7,2.2774
8.8748,3.197,6,0.9137
7.8833,4.4945,4,0.8247
11.825,5.095,5,1.7342
6.3975,3.4067,4,0.5369
6.9991,6.3338,2,0.793
5.0736,3.2078,6,0.43
12.8692,6.6994,1,1.9492
11.6485,3.3965,2,1.6831
12.0517,6.3743,4,2.0538
12.8073,6.6106,6,2.1866
9.5892,6.9183,3,1.0415
10.6874,6.2081,3,1.3982
6.398,6.1179,0,0.5542
6.1453,5.5699,0,0.5152
11.684,6.116,0,1.5628
9.711,3.5382,0,1.0347
10.6524,5.1443,6,1.4795
12.65,5.0569,6,1.9871
11.3472,6.4303,6,1.745
10.5358,4.8512,0,1.3933
10.5921,4.5404,0,1.2643
8.0395,5.5583,2,0.7844
5.3082,4.0659,4,0.4923
9.3672,3.5591,2,1.013
7.1458,4.9115,3,0.5622
9.0853,4.6676,1,0.9431
13.534,3.9303,5,2.3581
7.3394,4.47,2,0.7944
5.583,4.4656,0,0.4256
7.8138,4.31,5,0.9158
7.9359,4.5179,7,0.7983
11.6192,5.743,0,1.6457
10.5703,4.1875,3,1.3297
12.839,6.7954,6,2.1741
11.6431,6.6654,5,1.7867
9.0639,4.9236,6,1.1475
13.1402,4.3134,3,2.16
6.6697,5.1417,2,0.4946
5.2271,6.3942,5,0.6138
5.9005,5.6103,1,0.4706
12.2236,6.2176,1,1.8309
9.6188,5.1309,4,1.1315
6.6127,5.5317,5,0.5782
10.0104,4.1526,0,0.9755
6.5231,5.9396,4,0.7134
11.9632,3.8096,2,1.6555
9.4616,5.7792,4,0.9492
8.8102,6.4429,7,1.1547
8.0151,3.5284,0,0.6921
11.3028,5.4575,7,1.6185
8.6181,3.3804,3,0.7501
5.8765,5.9029,6,0.727
6.1801,3.338,3,0.5418
14.619,6.7438,2,3.106
14.0858,3.5496,6,2.6772
11.9971,6.8355,5,1.9269
7.6587,6.2035,1,0.7408
14.6918,5.3747,5,3.0541
12.7875,6.1305,6,2.2318
12.1689,6.1805,3,1.9714
9.4936,6.7841,7,1.2144
7.7224,4.0135,5,0.7435
5.9639,5.3603,2,0.5206
14.026,3.3802,0,2.518
9.5578,5.4647,5,1.267
7.0236,3.6852,1,0.5375
8.0596,5.2598,6,0.8695
10.7922,5.2897,4,1.4592
6.7677,4.8639,3,0.6203
13.5661,5.0905,1,2.4126
12.5852,6.0557,5,1.9243
12.1946,6.197,1,1.7858
9.3209,4.9686,3,0.9868
11.2731,5.3984,6,1.4696
10.841,6.7249,7,1.5158
11.4985,3.4789,7,1.5863
5.8444,3.4684,7,0.5794
9.1581,3.3508,4,1.0464
5.4161,5.6315,1,0.4802
9.9399,4.6744,6,1.1705
8.2986,6.0973,6,0.9671
6.4452,5.6849,7,0.81
6.034,4.3346,5,0.5258
10.8764,6.5935,1,1.3743
6.7059,6.0501,4,0.7424
14.2512,4.0821,3,2.6583
10.8106,4.4568,6,1.5043
8.4687,4.2578,3,0.8502
10.9092,3.6304,2,1.403
5.228,3.5911,0,0.3055
14.5856,6.7445,6,3.0213
9.823,4.7516,6,1.2036
12.8274,4.5333,0,1.9047
5.8273,5.9187,3,0.4806
9.8666,5.212,3,1.2199
9.9071,6.7446,3,1.2181
14.3783,6.1212,7,2.8463
10.7173,4.9175,1,1.3198
9.7349,4.5054,2,1.1672
7.6698,6.9465,1,0.6241
8.3157,5.871,1,0.7351
10.2067,6.8048,7,1.3532
9.3891,3.4739,7,1.1984
5.2161,6.4021,0,0.5094
13.2629,5.5483,5,2.3871
13.9616,3.4877,1,2.3819
6.4025,5.353,1,0.4907
10.5404,5.7444,2,1.3679
6.0858,3.0492,1,0.4514
11.7224,4.8173,3,1.7148
7.8123,6.3016,7,0.9154
11.5942,4.1814,4,1.6536
12.2699,4.8342,5,1.9272
12.6865,4.7693,3,2.0737
6.0774,4.2077,0,0.5244
14.1601,6.6738,0,2.5449
7.3021,6.1252,2,0.5692
5.3741,3.4424,1,0.477
10.5485,6.9881,6,1.5717
8.7092,6.5168,6,0.9877
13.2979,4.1356,6,2.1865
13.0825,6.3476,5,2.2971
8.1714,3.4257,4,0.8587
14.529,6.9964,5,3.1042
7.9092,5.6627,3,0.8535
10.1506,5.6005,5,1.2797
7.5597,3.3618,6,0.6876
14.3604,6.5881,6,2.9035
6.6461,3.116,4,0.5585
5.4491,3.9633,0,0.3369
9.351,3.5721,5,1.1854
14.9238,6.1071,2,3.1983
13.9168,3.7928,5,2.6325
12.4861,6.6426,4,1.9785
13.9079,5.6251,7,2.732
13.9345,3.1447,2,2.5051
10.1886,3.0217,7,1.293
8.1593,3.2066,6,0.9203
12.7201,5.4237,2,2.0779
11.6166,6.2059,3,1.7491
8.7366,3.9542,4,0.9562
5.9447,6.3976,6,0.7178
12.4679,3.2289,5,1.7998
7.6246,6.2039,6,0.8786
14.3681,6.7112,2,2.7725
7.4097,6.0884,4,0.6994
6.2276,5.7925,3,0.7376
13.3111,6.3519,7,2.5569
6.5328,3.1606,2,0.6146
6.7927,3.8071,4,0.6409
10.9938,3.4997,0,1.4175
13.7456,5.0181,6,2.5493
6.9643,5.9808,3,0.7187
8.1032,5.52,2,0.7399
12.774,6.4045,4,2.1715
14.7183,3.6209,3,2.8948
10.0074,5.9385,6,1.2181
6.439,3.7722,4,0.5809
5.1394,4.083,4,0.4863
7.2966,5.8396,0,0.7902
6.3182,6.9208,0,0.6612
11.7766,5.4462,3,1.7203
6.2183,3.218,7,0.6335
10.0633,5.4652,7,1.332
11.9426,3.1694,5,1.7202
10.8112,6.5366,5,1.4416
6.9978,5.8383,3,0.6921
13.0412,3.6925,1,2.0149
12.1541,3.3669,0,1.6035
12.3898,3.7341,2,1.8767
6.3106,6.9201,2,0.6752
6.2375,4.8342,1,0.4074
14.2756,6.1363,2,2.7343
8.9758,5.5456,0,0.99
8.0095,5.2897,4,0.9168
9.8858,3.5805,7,1.2829
11.6286,6.7841,5,1.7771
14.5562,4.2054,3,2.7714
7.8645,5.3121,3,0.7208
14.2481,5.7991,2,2.7401
5.2486,5.5969,1,0.5111
10.552,6.7624,4,1.5205
11.3398,3.5938,4,1.6073
6.059,5.0334,0,0.49
6.4034,4.6161,3,0.5026
9.1911,4.8967,2,0.9647
14.6623,3.4769,1,2.821
10.9604,3.5364,5,1.4257
14.3302,4.1123,4,2.6983
13.0436,4.2188,5,2.2068
9.6738,4.7116,5,1.1224
12.8476,5.444,7,2.1653
5.1784,5.5385,6,0.6244
6.0914,4.6472,4,0.5586
