vibracao_mm_s,temperatura_c,pressao_bar,estado
1.5231,64.2438,4.8037,normal
0.1242,70.6612,5.2638,normal
3.0114,75.9203,4.1148,desalinhamento
3.3897,87.2871,4.4396,desalinhamento
2.9364,73.1837,4.2366,desalinhamento
5.1862,87.8309,3.0813,desgaste
4.6929,85.8485,3.8944,desgaste
4.5324,72.2841,4.2924,desalinhamento
1.5201,59.6402,4.6513,normal
4.551,68.3873,4.1174,desalinhamento
1.462,67.9917,5.1536,normal
5.9005,82.7642,3.8156,desgaste
3.7914,65.4593,5.1304,desalinhamento
5.9108,87.6198,3.7141,desgaste
3.5039,69.254,4.2034,desalinhamento
5.8527,84.8838,3.6404,desgaste
5.2306,93.4179,3.7401,desgaste
0.7669,63.8535,4.7637,normal
3.5225,76.4876,4.1424,desalinhamento
3.819,70.9989,4.4867,desalinhamento
3.6881,74.9468,4.4135,desalinhamento
1.2879,71.5951,4.929,normal
5.5713,83.0271,4.0435,desgaste
2.0533,57.2819,4.4439,normal
6.3546,85.4325,2.9089,desgaste
3.0176,70.6025,4.8808,desalinhamento
1.4236,67.2751,5.4315,normal
5.2811,93.6982,3.9492,desgaste
4.6047,86.2882,4.4031,desgaste
3.3162,79.4338,4.2361,desalinhamento
3.0956,72.1926,4.5118,desalinhamento
4.9415,86.2522,4.0776,desgaste
2.6399,67.163,4.9922,normal
6.0354,92.7594,4.297,desgaste
0.9187,66.1339,5.6427,normal
2.3092,73.8567,4.6056,normal
5.7462,77.2031,3.7626,desgaste
1.9708,59.2388,4.5478,normal
1.0606,65.3085,5.1946,normal
6.6663,79.0794,3.6953,desgaste
5.0045,85.3023,3.5514,desgaste
3.5492,73.1821,4.5296,desalinhamento
6.0237,86.8185,3.5897,desgaste
1.2531,57.036,5.1414,normal
3.9009,71.4322,4.2117,desalinhamento
0.7382,63.8209,5.3017,normal
5.6492,87.0549,3.4012,desgaste
1.5091,71.1315,5.6508,normal
3.1854,68.86,4.196,desalinhamento
1.3564,63.1936,4.8225,normal
5.7054,85.4871,3.4814,desgaste
5.912,82.3451,3.8155,desgaste
4.1298,84.7522,3.6259,desgaste
4.6974,89.8365,3.4843,desgaste
6.133,74.1469,2.7376,desgaste
4.0829,80.8197,2.9625,desgaste
4.2574,74.4156,3.8012,desalinhamento
6.141,82.0013,3.4498,desgaste
0.9585,60.529,4.4698,normal
2.7444,78.7506,3.7776,desalinhamento
3.8611,76.3632,4.1601,desalinhamento
4.2802,78.1643,4.8404,desalinhamento
3.4429,75.7431,4.6984,desalinhamento
0.7893,64.0791,4.8671,normal
4.3862,62.7456,4.5514,desalinhamento
1.6878,63.6492,5.1319,normal
4.7234,70.6958,4.5931,desalinhamento
3.5667,63.4019,3.3465,desalinhamento
3.7013,74.5757,4.8288,desalinhamento
6.4375,92.584,3.6921,desgaste
5.4287,86.635,3.6332,desgaste
3.349,72.9413,4.3469,desalinhamento
3.5663,58.0095,5.1025,normal
4.0762,79.2734,4.2767,desalinhamento
1.2345,61.5707,5.1417,normal
2.5018,75.019,4.8658,desalinhamento
0.7446,62.7176,5.215,normal
1.541,63.7978,5.1234,normal
4.505,91.4528,3.4464,desgaste
4.218,65.9469,5.1549,desalinhamento
4.1418,78.4891,3.6951,desalinhamento
0.7778,61.2509,4.3934,normal
6.1796,87.9678,3.7463,desgaste
5.2631,84.4225,3.8746,desgaste
3.7652,69.7086,4.7423,desalinhamento
1.0403,68.2662,4.9567,normal
-0.2373,64.6132,4.8784,normal
2.0906,68.9747,5.3068,normal
1.7376,62.9583,5.3386,normal
1.9333,71.2098,4.9252,normal
4.8794,90.9681,3.2562,desgaste
2.6129,71.6289,4.4515,desalinhamento
4.5791,79.0232,4.3249,desgaste
1.1198,71.5178,5.3206,normal
3.0371,84.669,4.4329,desalinhamento
5.2564,75.9615,3.2194,desgaste
1.5251,71.9085,4.4382,normal
0.241,69.8683,5.9488,normal
5.7885,91.6248,3.8251,desgaste
3.4287,74.488,4.8535,desalinhamento
2.1821,71.4422,5.1276,normal
3.4988,82.4246,3.9134,desalinhamento
1.4394,65.3096,4.453,normal
4.8788,95.0175,2.9529,desgaste
5.1748,83.1253,4.0135,desgaste
6.4568,89.2274,3.3642,desgaste
1.1285,74.2951,4.6109,desalinhamento
1.6587,67.0559,4.7685,normal
0.7594,67.2236,4.6621,normal
1.2974,64.1753,4.9915,normal
1.5546,67.5983,4.8156,normal
3.8441,82.3648,4.2861,desalinhamento
2.7519,71.1901,5.1302,desalinhamento
3.5852,72.569,4.4762,desalinhamento
6.0659,82.2522,3.7383,desgaste
2.6699,73.0788,3.9697,desalinhamento
3.4042,64.9923,4.2389,desalinhamento
5.7434,80.4955,4.046,desgaste
2.823,68.11,4.31,desalinhamento
4.2524,75.5531,5.0018,desalinhamento
1.5202,65.9018,5.0945,normal
4.9579,70.3673,3.3155,desalinhamento
1.4328,66.7602,4.8564,normal
1.2816,72.1765,5.4166,normal
3.8832,66.999,4.0517,desalinhamento
3.645,74.0702,4.3132,desalinhamento
4.4242,86.5099,3.3249,desgaste
1.2648,62.0196,4.3427,normal
2.2892,72.2256,4.0277,normal
5.3674,82.8047,3.8083,desgaste
1.5852,65.552,5.0801,normal
3.4769,71.7472,4.2996,desalinhamento
2.4346,72.2703,4.2705,normal
4.0629,77.0874,4.3598,desalinhamento
2.1298,63.6165,5.2597,normal
4.3909,84.8024,4.3208,desalinhamento
5.7152,82.1168,3.2239,desgaste
1.4818,60.0569,4.9111,normal
3.8104,73.7167,4.0461,desalinhamento
3.2688,68.1181,4.031,desalinhamento
5.8154,86.8653,3.0009,desgaste
5.5788,87.8527,3.19,desgaste
1.2196,64.5078,5.465,normal
5.4615,91.3849,3.8575,desgaste
2.116,65.0155,5.3207,normal
0.5625,68.0705,5.1497,normal
3.431,72.5546,4.5285,desalinhamento
1.7762,67.4728,5.2303,normal
3.6375,68.3976,4.274,desalinhamento
2.7383,66.2188,4.7338,normal
5.7293,81.0374,3.643,desgaste
4.8207,81.373,3.5762,desgaste
3.8113,74.556,4.4519,desalinhamento
1.7188,72.8959,5.164,normal
5.322,84.8073,3.2975,desgaste
1.0492,59.5133,4.6387,normal
3.7581,79.8133,4.8671,desalinhamento
5.585,88.091,3.5633,desgaste
0.8617,70.6505,4.7207,normal
2.8485,77.1011,3.8633,desalinhamento
5.5663,88.9792,3.6341,desgaste
1.1872,64.2316,5.0187,normal
3.5775,73.727,4.2786,desalinhamento
1.6813,72.437,4.9115,normal
2.3797,82.6589,4.2552,desalinhamento
5.1569,81.882,3.1112,desgaste
5.026,79.9935,3.8972,desgaste
5.9403,83.9099,3.0229,desgaste
0.6276,58.2209,5.1144,normal
5.8012,84.7778,4.037,desgaste
2.9395,75.1861,4.412,desalinhamento
1.1817,65.0425,4.6238,normal
0.2898,61.7782,4.9121,normal
5.3033,87.7977,3.2005,desgaste
3.769,84.0087,4.5781,desalinhamento
3.5454,80.0952,4.4677,desalinhamento
3.7533,83.594,4.7791,desalinhamento
6.272,92.6848,3.7238,desgaste
5.4991,85.1168,3.7736,desgaste
3.3535,77.3654,4.7871,desalinhamento
1.5189,64.6987,4.1318,normal
1.7574,64.0156,4.587,normal
1.492,70.6684,4.8683,normal
5.7664,88.9789,4.1638,desgaste
3.7489,78.0648,4.5791,desalinhamento
1.0106,60.4356,5.1979,normal
5.9781,88.9128,3.8609,desgaste
0.3924,54.5127,5.3359,normal
5.1505,78.368,4.1195,desgaste
3.7936,80.0376,4.0249,desalinhamento
5.1745,81.0154,3.4821,desgaste
5.1374,93.1004,4.1592,desgaste
1.6466,67.2516,4.8678,normal
0.8449,63.6416,5.1968,normal
3.392,70.0742,4.1468,desalinhamento
1.2355,61.027,4.7437,normal
4.8363,81.8576,3.3136,desgaste
6.4615,79.3862,4.0938,desgaste
5.5339,88.8725,3.813,desgaste
5.9356,82.9393,4.0073,desgaste
7.0893,74.354,3.2923,desgaste
5.497,88.2512,4.3991,desgaste
4.5872,88.6436,3.2498,desgaste
0.2269,65.3949,5.1632,normal
2.0402,68.5036,5.8084,normal
4.8392,78.4505,4.383,desalinhamento
2.6943,62.0671,4.4802,normal
0.2702,65.5102,5.6695,normal
5.7209,89.9967,3.5018,desgaste
5.232,73.7511,3.7318,desgaste
5.7844,89.121,3.916,desgaste
5.5019,90.2244,3.9722,desgaste
5.9916,84.1422,3.8149,desgaste
3.7183,73.419,4.6385,desalinhamento
1.6811,61.7197,5.1442,normal
2.8502,61.7415,4.8635,desalinhamento
5.9541,74.9295,3.6181,desgaste
1.6776,65.5917,4.5949,normal
1.4697,69.2011,4.9618,normal
3.3337,71.4383,5.164,desalinhamento
1.5951,76.8268,4.6724,desalinhamento
4.1008,86.4082,4.2427,desalinhamento
3.2934,69.0646,4.7639,desalinhamento
4.4336,75.0067,4.5609,desalinhamento
4.5708,70.0107,4.7913,desalinhamento
3.0956,75.0726,3.7368,desalinhamento
5.9028,82.5888,3.2865,desgaste
1.1375,63.6846,5.2902,normal
5.6318,92.2467,3.8918,desgaste
5.5234,88.3104,3.6849,desgaste
4.1112,76.831,4.6899,desalinhamento
5.5974,77.1219,3.9622,desgaste
2.4279,79.0461,5.1316,normal
5.7211,85.3399,3.4167,desgaste
-0.1261,63.7805,5.436,normal
3.1286,67.4634,4.1779,desalinhamento
2.5149,59.4269,5.2816,normal
2.8004,80.151,4.0295,desalinhamento
5.9984,85.1329,4.4336,desgaste
2.2775,67.9116,3.8566,desalinhamento
